,Retail & recreation,Grocery & pharmacy,Parks,Transit stations,Workplaces,Residential
Aargau,-75% ,-35% ,-14% ,-56% ,-41% ,+13% 
Aberdeen City,-86% ,-41% ,-46% ,-73% ,-58% ,+30% 
Aberdeenshire,-80% ,-46% ,-45% ,-58% ,-52% ,+27% 
Abruzzo,-94% ,-84% ,-89% ,-90% ,-63% ,+24% 
Administrative unit Maribor,-90% ,-95% ,-53% ,-69% ,-45% ,+27% 
Afghanistan,-38%,-21%,-13%,-34%,-33%,+10%
Agder,-59% ,-21% ,-1% ,-39% ,-31% ,+9% 
Aichi,-14% ,+1% ,-11% ,-35% ,-5% ,+6% 
Ajdovščina,-86% ,-41% ,,-65% ,-56% ,
Akita,-1% ,+5% ,+19% ,-20% ,+0% ,+3% 
Al Ahmadi Governorate,-52% ,-28% ,-40% ,-37% ,-34% ,+20% 
Al Asimah Governate,-65% ,-34% ,-56% ,-53% ,-50% ,+21% 
Al Farwaniyah Governorate,-50% ,-31% ,-47% ,-55% ,-37% ,+24% 
Al Jahra Governorate,-46% ,-30% ,-38% ,-18% ,-32% ,+19% 
Alabama,-41% ,-13% ,+19% ,-30% ,-32% ,+9% 
Alaska,-48% ,-27% ,+18% ,-55% ,-33% ,+10% 
Alba County,-83% ,-58% ,-49% ,-62% ,-45% ,+12% 
Alberta,-55% ,-29% ,-23% ,-63% ,-41% ,+13% 
Alytus County,-71% ,-36% ,+0% ,-70% ,-32% ,+17% 
Andalusia,-94% ,-81% ,-88% ,-90% ,-65% ,+21% 
Angola,-61%,-40%,-39%,-57%,-11%,+22%
Angus council,-80% ,-44% ,-28% ,-51% ,-48% ,+20% 
Antigua and Barbuda,-46%,-21%,-30%,-67%,-48%,+17%
Antrim And Newtownabbey,-81% ,-46% ,-61% ,-89% ,-52% ,+29% 
Aomori,-11% ,+1% ,+11% ,-20% ,+0% ,+3% 
Aosta,-95% ,-88% ,-91% ,-86% ,-67% ,+36% 
Appenzell Ausserrhoden,-77% ,+3% ,,-60% ,-29% ,
Appenzell Innerrhoden,-57% ,,,,-29% ,
Apulia,-94% ,-85% ,-88% ,-88% ,-64% ,+25% 
Arad County,-81% ,-55% ,-45% ,-69% ,-38% ,+15% 
Aragon,-92% ,-75% ,-87% ,-90% ,-64% ,+20% 
Ards And North Down,-78% ,-39% ,-57% ,-57% ,-56% ,+28% 
Argentina,-86%,-61%,-89%,-80%,-57%,+27%
Argeș County,-79% ,-54% ,-45% ,-73% ,-36% ,+15% 
Argyll and Bute Council,-88% ,-45% ,-34% ,-57% ,-52% ,+8% 
Arizona,-40% ,-17% ,-7% ,-41% ,-33% ,+10% 
Arkansas,-29% ,-7% ,+81% ,-22% ,-27% ,+7% 
Armagh City and Banbridge And Craigavon,-82% ,-45% ,-66% ,-65% ,-47% ,+27% 
Artigas Department,-60% ,-45% ,-71% ,-77% ,-24% ,-3% 
Aruba,-88%,-66%,-80%,-88%,-72%,+20%
Asturias,-94% ,-78% ,-88% ,-80% ,-63% ,+23% 
Auckland,-89% ,-55% ,-70% ,-83% ,-64% ,+25% 
Australia,-45%,-19%,-35%,-58%,-33%,+13%
Australian Capital Territory,-40% ,-3% ,+38% ,-52% ,-31% ,+11% 
Austria,-87%,-64%,-43%,-71%,-51%,+14%
Auvergne-Rhône-Alpes,-87% ,-74% ,-80% ,-89% ,-56% ,+19% 
Aveiro District,-83% ,-61% ,-84% ,-83% ,-53% ,+24% 
Azores,-83% ,-56% ,-66% ,-87% ,-47% ,+18% 
Bacău County,-80% ,-55% ,-47% ,-77% ,-38% ,+15% 
Baden-Württemberg,-79% ,-49% ,-55% ,-71% ,-43% ,+12% 
Bahrain,-45%,-22%,-40%,-38%,-25%,+16%
Balearic Islands,-92% ,-68% ,-90% ,-88% ,-61% ,+22% 
Bangladesh,-68%,-46%,-26%,-66%,-60%,+24%
Banská Bystrica Region,-81% ,-88% ,+5% ,-59% ,-36% ,+9% 
Baranya,-70% ,-45% ,+27% ,-45% ,-30% ,+9% 
Barbados,-70%,-47%,-60%,-77%,-52%,+15%
Basel City,-89% ,-41% ,-65% ,-76% ,-48% ,+25% 
Basel-Landschaft,-77% ,-21% ,-25% ,-61% ,-40% ,+23% 
Basilicata,-91% ,-84% ,-77% ,-86% ,-58% ,+22% 
Basque Country,-94% ,-77% ,-93% ,-88% ,-63% ,+22% 
Bath and North East Somerset,-91% ,-48% ,-54% ,-75% ,-66% ,+30% 
Bavaria,-80% ,-49% ,-50% ,-73% ,-43% ,+12% 
Bay Of Plenty,-92% ,-51% ,-86% ,-83% ,-52% ,+22% 
Bedford,-86% ,-47% ,-51% ,-72% ,-49% ,+28% 
Beja District,-83% ,-59% ,-60% ,,-40% ,+24% 
Belarus,-14%,+5%,+41%,-7%,+3%,-2%
Belfast,-85% ,-42% ,-47% ,-76% ,-59% ,+17% 
Belgium,-84%,-53%,-66%,-76%,-52%,+17%
Belize,-63%,-49%,-38%,-68%,-42%,+13%
Benin,-16%,+0%,+10%,-14%,+2%,+5%
Berlin,-83% ,-55% ,-63% ,-70% ,-44% ,+12% 
Bihor County,-80% ,-59% ,-39% ,-64% ,-38% ,+14% 
Bistrița-Năsăud County,-82% ,-64% ,-64% ,-64% ,-43% ,+17% 
Bjelovar-Bilogora County,-85% ,-58% ,-23% ,-70% ,-46% ,+20% 
Blackburn with Darwen,-85% ,-42% ,,-71% ,-50% ,+25% 
Blackpool,-88% ,-43% ,-64% ,-65% ,-54% ,+22% 
Blaenau Gwent,-75% ,-46% ,,-57% ,-46% ,+12% 
Blagoevgrad Province,-74% ,-47% ,-32% ,-55% ,-43% ,+10% 
Blekinge County,-6% ,-5% ,+26% ,-23% ,-18% ,+9% 
Bolivia,-93%,-94%,-89%,-92%,-72%,+35%
Borough of Halton,-78% ,-43% ,-46% ,-60% ,-48% ,+25% 
Borsod-Abaúj-Zemplén,-59% ,-47% ,+19% ,-38% ,-28% ,+8% 
Bosnia and Herzegovina,-76%,-50%,-22%,-59%,-50%,+13%
Botoșani County,-77% ,-51% ,-6% ,-67% ,-38% ,+14% 
Botswana,-12%,-2%,+7%,-20%,-3%,+13%
Bourgogne-Franche-Comté,-87% ,-77% ,-77% ,-88% ,-54% ,+18% 
Bracknell Forest,-83% ,-41% ,-56% ,-69% ,-58% ,+31% 
Braga,-83% ,-60% ,-82% ,-76% ,-52% ,+24% 
Bragança District,-85% ,-66% ,-57% ,-78% ,-52% ,+18% 
Brandenburg,-75% ,-52% ,-53% ,-63% ,-31% ,+9% 
Bratislava Region,-83% ,-91% ,-3% ,-64% ,-40% ,+12% 
Brazil,-71%,-35%,-70%,-62%,-34%,+17%
Brașov County,-85% ,-61% ,-79% ,-79% ,-43% ,+17% 
Bremen,-79% ,-54% ,-22% ,-74% ,-40% ,+10% 
Brežice,-91% ,-55% ,,,-57% ,
Bridgend County Borough,-85% ,-43% ,-48% ,-59% ,-50% ,+25% 
Brighton and Hove,-89% ,-48% ,-59% ,-77% ,-64% ,+30% 
British Columbia,-54% ,-28% ,+27% ,-59% ,-47% ,+13% 
Brittany,-87% ,-76% ,-83% ,-88% ,-53% ,+18% 
Brod-Posavina County,-81% ,-59% ,,-83% ,-51% ,+23% 
Brussels,-89% ,-65% ,-64% ,-82% ,-62% ,+19% 
Brăila County,-78% ,-47% ,-71% ,-70% ,-31% ,+15% 
Bucharest,-85% ,-50% ,-86% ,-74% ,-45% ,+18% 
Buckinghamshire,-85% ,-45% ,-43% ,-74% ,-57% ,+16% 
Budapest,-74% ,-40% ,-38% ,-67% ,-39% ,+12% 
Buenos Aires,-90% ,-48% ,-91% ,-82% ,-69% ,+31% 
Buenos Aires Province,-88% ,-60% ,-91% ,-79% ,-60% ,+26% 
Bulgaria,-66%,-36%,-32%,-58%,-29%,+11%
Burgas,-65% ,-38% ,-40% ,-51% ,-35% ,+11% 
Burgenland,-83% ,-36% ,+19% ,-43% ,-49% ,+16% 
Burkina Faso,-34%,-25%,-22%,-53%,-3%,+15%
Buzău County,-76% ,-56% ,-50% ,-59% ,-29% ,+15% 
Bács-Kiskun,-62% ,-42% ,+10% ,-47% ,-27% ,+9% 
Békés County,-54% ,-39% ,+15% ,-43% ,-23% ,+7% 
Caerphilly County Borough,-78% ,-41% ,-52% ,-54% ,-47% ,+25% 
Calabria,-94% ,-92% ,-85% ,-90% ,-63% ,+22% 
California,-50% ,-24% ,-38% ,-54% ,-39% ,+15% 
Cambodia,-43%,-29%,-31%,-57%,-15%,+12%
Cambridgeshire,-87% ,-48% ,-51% ,-79% ,-54% ,+16% 
Cameroon,-26%,-20%,-19%,-23%,-3%,+9%
Campania,-94% ,-78% ,-91% ,-89% ,-67% ,+23% 
Canada,-59%,-35%,-16%,-66%,-44%,+14%
Canary Islands,-94% ,-75% ,-92% ,-87% ,-66% ,+20% 
Canelones Department,-74% ,-49% ,-77% ,-75% ,-31% ,+20% 
Cantabria,-94% ,-76% ,-92% ,-89% ,-61% ,+23% 
Canterbury,-90% ,-56% ,-83% ,-90% ,-60% ,+22% 
Canton of Bern,-80% ,-53% ,-36% ,-68% ,-43% ,+14% 
Canton of Zug,-75% ,-2% ,,-67% ,-45% ,+27% 
Cape Verde,-60%,-48%,-57%,-88%,-40%,+19%
Capital Region of Denmark,-48% ,-24% ,+13% ,-67% ,-33% ,+10% 
Caraș-Severin County,-77% ,-56% ,-53% ,-69% ,-41% ,+19% 
Cardiff,-86% ,-45% ,-48% ,-79% ,-59% ,+17% 
Carinthia,-85% ,-62% ,-45% ,-59% ,-48% ,+13% 
Carmarthenshire,-81% ,-46% ,-57% ,-60% ,-49% ,+24% 
Castelo Branco District,-81% ,-61% ,-65% ,-76% ,-48% ,+31% 
Castile and León,-94% ,-78% ,-84% ,-89% ,-62% ,+22% 
Castile-La Mancha,-93% ,-77% ,-84% ,-89% ,-63% ,+21% 
Catalonia,-94% ,-75% ,-90% ,-88% ,-64% ,+21% 
Catamarca Province,-71% ,-46% ,-78% ,-81% ,-35% ,+29% 
Causeway Coast and Glens,-87% ,-41% ,-66% ,-64% ,-55% ,+26% 
Celje,-88% ,-94% ,-58% ,-52% ,-39% ,+11% 
Central Bedfordshire,-82% ,-45% ,-41% ,-74% ,-54% ,+20% 
Central Bohemian Region,-67% ,-20% ,+9% ,-37% ,-29% ,+11% 
Central Denmark Region,-34% ,-23% ,+71% ,-55% ,-26% ,+9% 
Central Finland,-48% ,-22% ,+60% ,-70% ,-23% ,+8% 
Central Ostrobothnia,-44% ,-13% ,,-63% ,-21% ,+15% 
Centre-Val de Loire,-86% ,-75% ,-79% ,-88% ,-53% ,+17% 
Ceredigion,-84% ,-54% ,-60% ,-69% ,-57% ,+6% 
Cerknica,-83% ,,,,-53% ,
Cerro Largo Department,-74% ,-43% ,-76% ,-73% ,-28% ,+13% 
Ceuta,-89% ,-78% ,-91% ,,-64% ,+4% 
Chaco Province,-79% ,-63% ,-83% ,-92% ,-48% ,+24% 
Cheshire East,-84% ,-47% ,-63% ,-75% ,-53% ,+15% 
Cheshire West and Chester,-88% ,-47% ,-58% ,-77% ,-55% ,+15% 
Chiba,-43% ,-21% ,-61% ,-53% ,-15% ,+11% 
Chile,-73%,-55%,-72%,-64%,-42%,+24%
Christ Church,-81% ,-57% ,,-83% ,-51% ,+17% 
Chubut Province,-92% ,-91% ,-94% ,-93% ,-62% ,+28% 
City of Bristol,-87% ,-47% ,-25% ,-81% ,-57% ,+18% 
City of Zagreb,-85% ,-61% ,-51% ,-76% ,-51% ,+16% 
Clackmannanshire,-89% ,-39% ,,-53% ,-49% ,+6% 
Cluj County,-85% ,-62% ,-66% ,-77% ,-45% ,+17% 
Coimbra District,-83% ,-61% ,-80% ,-77% ,-48% ,+23% 
Colombia,-86%,-68%,-80%,-82%,-58%,+26%
Colonia Department,-78% ,-51% ,-84% ,-90% ,-38% ,+21% 
Colorado,-51% ,-27% ,-12% ,-60% ,-40% ,+13% 
Community of Madrid,-94% ,-72% ,-92% ,-89% ,-65% ,+22% 
Connecticut,-56% ,-32% ,-52% ,-64% ,-38% ,+15% 
Constanța County,-80% ,-49% ,-72% ,-69% ,-37% ,+16% 
Conwy Principal Area,-86% ,-48% ,-70% ,-63% ,-58% ,+22% 
Cordoba,-88% ,-66% ,-90% ,-91% ,-57% ,+30% 
Cornwall,-85% ,-53% ,-54% ,-66% ,-56% ,+14% 
Corrientes,-80% ,-63% ,-88% ,-89% ,-47% ,+25% 
Corsica,-84% ,-67% ,-74% ,-83% ,-54% ,+21% 
Costa Rica,-68%,-41%,-71%,-68%,-39%,+21%
County Carlow,-83% ,-35% ,-52% ,-64% ,-48% ,+9% 
County Cavan,-81% ,-39% ,-41% ,-57% ,-45% ,+21% 
County Clare,-78% ,-30% ,-54% ,-74% ,-49% ,+25% 
County Cork,-81% ,-40% ,-54% ,-73% ,-51% ,+19% 
County Donegal,-81% ,-39% ,-49% ,-56% ,-47% ,+21% 
County Dublin,-85% ,-35% ,-64% ,-82% ,-58% ,+21% 
County Durham,-83% ,-42% ,-56% ,-68% ,-55% ,+14% 
County Galway,-82% ,-36% ,-60% ,-68% ,-51% ,+21% 
County Kerry,-83% ,-44% ,-54% ,-76% ,-53% ,+22% 
County Kildare,-84% ,-36% ,-66% ,-71% ,-51% ,+21% 
County Kilkenny,-82% ,-37% ,-65% ,-77% ,-47% ,+23% 
County Laois,-79% ,-40% ,,-77% ,-48% ,+22% 
County Leitrim,-93% ,-41% ,,,-50% ,
County Limerick,-82% ,-35% ,-57% ,-74% ,-46% ,+21% 
County Longford,-77% ,-40% ,,,-45% ,
County Louth,-84% ,-39% ,-67% ,-84% ,-49% ,+24% 
County Mayo,-85% ,-44% ,-31% ,-78% ,-47% ,+22% 
County Meath,-80% ,-33% ,-54% ,-59% ,-49% ,+21% 
County Monaghan,-80% ,-43% ,,-58% ,-49% ,+18% 
County Offaly,-79% ,-38% ,-40% ,-65% ,-47% ,+22% 
County Roscommon,-86% ,-38% ,,,-43% ,+18% 
County Sligo,-89% ,-44% ,-48% ,-69% ,-44% ,+9% 
County Tipperary,-80% ,-36% ,-61% ,-73% ,-46% ,+21% 
County Waterford,-87% ,-45% ,-75% ,-77% ,-46% ,+20% 
County Westmeath,-85% ,-48% ,-45% ,-75% ,-52% ,+24% 
County Wexford,-83% ,-42% ,-70% ,-71% ,-52% ,+22% 
County Wicklow,-89% ,-40% ,-79% ,-76% ,-53% ,+27% 
Covasna County,-85% ,-61% ,-60% ,-61% ,-36% ,+20% 
Croatia,-82%,-57%,-45%,-74%,-50%,+15%
Csongrád,-66% ,-40% ,-12% ,-39% ,-28% ,+10% 
Cumbria,-84% ,-50% ,-54% ,-73% ,-58% ,+15% 
Czechia,-73%,-26%,-24%,-61%,-31%,+11%
Côte d'Ivoire,-35%,-21%,-21%,-33%,-9%,+14%
Călărași County,-65% ,-50% ,-53% ,-60% ,-24% ,+14% 
Dalarna County,-34% ,-15% ,+1% ,-30% ,-17% ,+5% 
Darlington,-86% ,-47% ,-57% ,-75% ,-51% ,+26% 
Delaware,-47% ,-28% ,-6% ,-57% ,-37% ,+12% 
Denbighshire,-84% ,-43% ,-59% ,-70% ,-52% ,+14% 
Denmark,-37%,-22%,+35%,-60%,-28%,+9%
Derby,-85% ,-46% ,-55% ,-81% ,-55% ,+19% 
Derbyshire,-86% ,-43% ,-55% ,-66% ,-55% ,+15% 
Derry And Strabane,-80% ,-39% ,-63% ,-60% ,-54% ,+25% 
Devon,-87% ,-51% ,-54% ,-73% ,-54% ,+15% 
District of Columbia,-64% ,-30% ,-41% ,-68% ,-47% ,+14% 
Dobrich Province,-61% ,-33% ,-38% ,,-19% ,+18% 
Dolj County,-78% ,-53% ,-58% ,-67% ,-32% ,+14% 
Dominican Republic,-80%,-63%,-73%,-84%,-56%,+23%
Domžale,-89% ,-89% ,,-55% ,-39% ,+22% 
Dorset,-87% ,-47% ,-57% ,-70% ,-57% ,+15% 
Dravograd,-70% ,,,,-45% ,
Drenthe,-61% ,-30% ,-27% ,-58% ,-29% ,+9% 
Dubrovnik-Neretva County,-78% ,-54% ,-29% ,-66% ,-52% ,+22% 
Dumfries and Galloway,-80% ,-42% ,-48% ,-75% ,-49% ,+22% 
Dundee City Council,-83% ,-52% ,-10% ,-71% ,-56% ,+26% 
Durazno Department,-68% ,-39% ,-68% ,-79% ,-21% ,-2% 
Dâmbovița County,-76% ,-52% ,-50% ,-61% ,-32% ,+14% 
East Ayrshire Council,-83% ,-39% ,,-55% ,-51% ,+26% 
East Dunbartonshire Council,-75% ,-35% ,,-54% ,-56% ,+19% 
East Lothian Council,-81% ,-37% ,-34% ,-57% ,-56% ,+17% 
East Renfrewshire Council,-63% ,-29% ,-54% ,-51% ,-56% ,+19% 
East Riding of Yorkshire,-85% ,-45% ,-61% ,-51% ,-52% ,+14% 
East Sussex,-87% ,-46% ,-60% ,-68% ,-57% ,+14% 
Ecuador,-84%,-66%,-80%,-80%,-61%,+26%
Edinburgh,-86% ,-44% ,-42% ,-83% ,-67% ,+18% 
Egypt,-50%,-24%,-40%,-52%,-35%,+15%
Ehime,-5% ,+5% ,+29% ,-12% ,+0% ,+3% 
El Salvador,-81%,-62%,-72%,-73%,-50%,+23%
Emilia-Romagna,-96% ,-94% ,-88% ,-88% ,-65% ,+24% 
Entre Rios,-87% ,-65% ,-93% ,-90% ,-54% ,+29% 
Essex,-84% ,-49% ,-58% ,-85% ,-56% ,+16% 
Estonia,-60%,-28%,+4%,-51%,-32%,+10%
Extremadura,-93% ,-75% ,-79% ,-87% ,-60% ,+22% 
Falkirk,-78% ,-38% ,-26% ,-56% ,-47% ,+27% 
Faro District,-83% ,-60% ,-78% ,-82% ,-54% ,+21% 
Federal District,-68% ,-28% ,-63% ,-56% ,-36% ,+20% 
Fejér,-58% ,-43% ,+24% ,-48% ,-30% ,+9% 
Fermanagh And Omagh,-86% ,-47% ,-55% ,-54% ,-52% ,+27% 
Fife,-79% ,-38% ,-32% ,-56% ,-51% ,+14% 
Fiji,-39%,-25%,-13%,-59%,-6%,+12%
Finland,-52%,-21%,+48%,-59%,-25%,+9%
Flacq District,-92% ,-89% ,-88% ,,-72% ,+8% 
Flanders,-82% ,-46% ,-65% ,-74% ,-50% ,+17% 
Flevoland,-56% ,-25% ,-5% ,-63% ,-34% ,+10% 
Flintshire,-80% ,-44% ,-48% ,-60% ,-54% ,+26% 
Flores Department,-83% ,-38% ,-72% ,,-20% ,
Florida,-50% ,-26% ,-48% ,-63% ,-41% ,+13% 
Florida Department,-63% ,-37% ,-78% ,-70% ,-23% ,+13% 
Formosa Province,-76% ,-53% ,-82% ,-71% ,-37% ,+21% 
France,-88%,-72%,-82%,-87%,-56%,+18%
Fribourg,-82% ,-44% ,-41% ,-62% ,-42% ,+20% 
Friesland,-57% ,-28% ,-11% ,-51% ,-28% ,+9% 
Friuli-Venezia Giulia,-95% ,-94% ,-90% ,-83% ,-59% ,+24% 
Fukui,-13% ,+5% ,-18% ,-19% ,-2% ,+6% 
Fukuoka,-13% ,+6% ,+34% ,-34% ,-3% ,+4% 
Fukushima,-21% ,-7% ,-51% ,-35% ,-4% ,+7% 
Gabon,-39%,-24%,-25%,-47%,-15%,+15%
Gabrovo,-61% ,-34% ,-16% ,,-17% ,+17% 
Galați,-80% ,-51% ,-66% ,-71% ,-38% ,+16% 
Galicia,-92% ,-77% ,-84% ,-88% ,-59% ,+24% 
Gavleborg County,-27% ,-10% ,+10% ,-27% ,-14% ,+5% 
Gelderland,-66% ,-28% ,-29% ,-62% ,-33% ,+10% 
Geneva,-82% ,-60% ,-40% ,-84% ,-54% ,+21% 
Georgia,-67%,-36%,-24%,-53%,-38%,+12%
Georgia,-42% ,-17% ,-2% ,-52% ,-37% ,+11% 
Germany,-77%,-51%,-49%,-68%,-39%,+11%
Ghana,-15%,+8%,-15%,-15%,+3%,+9%
Gifu,-14% ,+3% ,-25% ,-32% ,-4% ,+6% 
Gisborne,-100% ,-48% ,-88% ,,-47% ,
Giurgiu County,-63% ,-38% ,-37% ,-45% ,-19% ,+14% 
Glarus,-92% ,-19% ,,-48% ,-33% ,
Glasgow City,-84% ,-44% ,-37% ,-81% ,-60% ,+16% 
Gloucestershire,-86% ,-48% ,-49% ,-73% ,-55% ,+15% 
Gorj County,-73% ,-48% ,-50% ,-67% ,-36% ,+15% 
Gornja Radgona,-88% ,-33% ,,,-48% ,
Gotland County,-12% ,-6% ,,-45% ,-10% ,+7% 
Grand Est,-89% ,-77% ,-81% ,-89% ,-59% ,+17% 
Grand Port District,-94% ,-90% ,-90% ,-94% ,-70% ,+8% 
Greater London,-87% ,-48% ,-59% ,-80% ,-62% ,+19% 
Greater Manchester,-84% ,-46% ,-44% ,-80% ,-54% ,+16% 
Greater Poland Voivodeship,-80% ,-61% ,-62% ,-73% ,-37% ,+13% 
Greece,-80%,-41%,-55%,-76%,-53%,+20%
Grisons,-89% ,-78% ,-59% ,-78% ,-57% ,+20% 
Groningen,-65% ,-31% ,+2% ,-63% ,-33% ,+10% 
Grosuplje,-90% ,-43% ,,,-38% ,+2% 
Guarda District,-86% ,-64% ,-75% ,-68% ,-46% ,+28% 
Guatemala,-67%,-39%,-53%,-69%,-39%,+19%
Gunma,-33% ,-15% ,-55% ,-49% ,-8% ,+9% 
Gwynedd,-87% ,-55% ,-62% ,-65% ,-56% ,+18% 
Gyor-Moson-Sopron,-71% ,-48% ,-6% ,-51% ,-42% ,+11% 
Haiti,-34%,-31%,-19%,-48%,-14%,+7%
Hajdú-Bihar,-63% ,-46% ,+34% ,-52% ,-28% ,+9% 
Halland County,-13% ,-7% ,+74% ,-25% ,-14% ,+5% 
Hamburg,-80% ,-50% ,-34% ,-72% ,-42% ,+12% 
Hampshire,-85% ,-45% ,-48% ,-74% ,-54% ,+15% 
Harghita County,-79% ,-65% ,-60% ,-60% ,-40% ,+18% 
Harju County,-61% ,-29% ,+2% ,-57% ,-34% ,+11% 
Hartlepool,-86% ,-44% ,-64% ,-70% ,-51% ,+19% 
Haskovo Province,-66% ,-43% ,-14% ,-67% ,-27% ,+13% 
Hauts-de-France,-88% ,-72% ,-84% ,-87% ,-56% ,+17% 
Hawaii,-56% ,-36% ,-65% ,-72% ,-45% ,+16% 
Hawalli Governorate,-61% ,-28% ,-53% ,-40% ,-52% ,+26% 
Hawke's Bay,-94% ,-53% ,-78% ,-84% ,-51% ,+31% 
Herefordshire,-86% ,-50% ,-42% ,-64% ,-46% ,+24% 
Hertfordshire,-85% ,-47% ,-46% ,-73% ,-56% ,+16% 
Hesse,-74% ,-40% ,-26% ,-72% ,-41% ,+10% 
Heves County,-62% ,-48% ,-35% ,-48% ,-34% ,+12% 
Highland Council,-83% ,-47% ,-48% ,-70% ,-53% ,+24% 
Hiiu County,,,,,-68% ,
Hiroshima,-7% ,+7% ,+15% ,-24% ,-1% ,+3% 
Hokkaido,-7% ,+3% ,-2% ,-27% ,-5% ,+3% 
Honduras,-81%,-64%,-59%,-74%,-46%,+20%
Hong Kong,-35%,-7%,-43%,-45%,-24%,+16%
Hradec Králové Region,-78% ,-30% ,-33% ,-69% ,-32% ,+11% 
Hunedoara County,-82% ,-53% ,-66% ,-67% ,-44% ,+14% 
Hungary,-66%,-43%,-7%,-53%,-32%,+10%
Hyogo,-12% ,+5% ,-10% ,-31% ,-4% ,+5% 
Ialomița County,-62% ,-49% ,-47% ,-63% ,-28% ,+17% 
Iași County,-82% ,-53% ,-57% ,-73% ,-39% ,+17% 
Ibaraki,-31% ,-16% ,-60% ,-51% ,-10% ,+10% 
Ida-Viru County,-50% ,-22% ,-23% ,-35% ,-28% ,+12% 
Idaho,-42% ,-18% ,+25% ,-34% ,-38% ,+10% 
Idrija,-66% ,-45% ,,,-55% ,
Ilfov County,-78% ,-47% ,-61% ,-78% ,-39% ,+16% 
Ilirska Bistrica,-80% ,,,,-55% ,
Illinois,-53% ,-24% ,-29% ,-55% ,-39% ,+13% 
India,-77%,-65%,-57%,-71%,-47%,+22%
Indiana,-48% ,-25% ,+24% ,-34% ,-36% ,+11% 
Indonesia,-47%,-27%,-52%,-54%,-15%,+15%
Innlandet,-66% ,-37% ,-8% ,-54% ,-32% ,+10% 
Inverclyde,-83% ,-37% ,,-58% ,-52% ,+15% 
Iowa,-43% ,-10% ,+41% ,-28% ,-29% ,+10% 
Iraq,-64%,-42%,-48%,-61%,-55%,+21%
Ireland,-83%,-37%,-59%,-78%,-52%,+19%
Ishikawa,-8% ,+8% ,-23% ,-30% ,-1% ,+4% 
Isle of Anglesey,-84% ,-48% ,-65% ,-63% ,-46% ,+7% 
Isle of Wight,-88% ,-47% ,-57% ,-76% ,-54% ,+22% 
Israel,-67%,-13%,-56%,-61%,-59%,+30%
Istria County,-74% ,-55% ,-35% ,-76% ,-45% ,+15% 
Italy,-94%,-85%,-90%,-87%,-63%,+24%
Iwate,-5% ,+5% ,+6% ,-19% ,+1% ,+3% 
Izola,-84% ,-33% ,,,-63% ,
Jamaica,-53%,-36%,-50%,-50%,-29%,+12%
Jambol,-58% ,-44% ,-42% ,,-20% ,+14% 
Jamtland County,-41% ,-25% ,+3% ,-46% ,-16% ,+8% 
Japan,-26%,-7%,-25%,-41%,-9%,+7%
Jesenice,-90% ,-53% ,-67% ,-61% ,-53% ,
Jonkoping County,-24% ,-7% ,+30% ,-29% ,-23% ,+6% 
Jordan,-74%,-52%,-59%,-89%,-73%,+27%
Jujuy,-80% ,-55% ,-83% ,-92% ,-44% ,+27% 
Jura,-91% ,-32% ,,-64% ,-43% ,+14% 
Jász-Nagykun-Szolnok,-52% ,-38% ,+32% ,-49% ,-25% ,+8% 
Järva County,-41% ,-23% ,,,-39% ,
Jõgeva County,-45% ,-24% ,,,-42% ,
Kagawa,-7% ,+4% ,+19% ,-22% ,-1% ,+3% 
Kagoshima,-5% ,+4% ,+16% ,-15% ,+4% ,+2% 
Kainuu,-54% ,-24% ,+44% ,-64% ,-21% ,+13% 
Kalmar County,-11% ,-5% ,+21% ,-27% ,-13% ,+5% 
Kamnik,-95% ,-47% ,,,-39% ,+2% 
Kanagawa,-55% ,-31% ,-66% ,-55% ,-23% ,+13% 
Kansas,-36% ,-14% ,+72% ,-20% ,-30% ,+9% 
Kardzhali Province,-71% ,-48% ,-27% ,-76% ,-39% ,+12% 
Karlovac County,-83% ,-56% ,-16% ,-66% ,-48% ,+30% 
Karlovy Vary Region,-75% ,-38% ,-53% ,-70% ,-36% ,+10% 
Kaunas County,-74% ,-40% ,-48% ,-68% ,-33% ,+11% 
Kazakhstan,-45%,-24%,-20%,-32%,-17%,+9%
Kent,-86% ,-49% ,-62% ,-68% ,-53% ,+15% 
Kentucky,-37% ,-11% ,+68% ,-34% ,-34% ,+9% 
Kenya,-45%,-33%,-20%,-39%,-22%,+17%
Kingston upon Hull,-82% ,-45% ,-49% ,-71% ,-51% ,+14% 
Klaipėda County,-73% ,-31% ,-43% ,-59% ,-36% ,+11% 
Kochi,-3% ,+3% ,+23% ,-7% ,+0% ,+2% 
Komárom-Esztergom,-57% ,-40% ,+51% ,-46% ,-28% ,+9% 
Koper,-92% ,-85% ,-63% ,-73% ,-47% ,+13% 
Koprivnica-Križevci County,-81% ,-58% ,,,-44% ,+25% 
Kočevje,-73% ,-51% ,,,-52% ,
Košice Region,-81% ,-90% ,+67% ,-60% ,-34% ,+9% 
Kranj,-90% ,-91% ,,-75% ,-52% ,+30% 
Krapina-Zagorje County,-87% ,-63% ,,-72% ,-48% ,+34% 
Kronoberg County,-19% ,-6% ,-51% ,-35% ,-17% ,+8% 
Krško,-71% ,-54% ,,,-36% ,
Kumamoto,-13% ,+4% ,+36% ,-14% ,-1% ,+4% 
Kuwait,-56%,-30%,-48%,-49%,-42%,+23%
Kuyavian-Pomeranian Voivodeship,-79% ,-63% ,-73% ,-78% ,-33% ,+12% 
Kymenlaakso,-52% ,-21% ,+65% ,-64% ,-17% ,+8% 
Kyoto,-10% ,+7% ,+12% ,-32% ,-3% ,+4% 
Kyrgyzstan,-74%,-64%,-32%,-70%,-43%,+15%
Kyustendil Province,-57% ,-39% ,-35% ,-46% ,-24% ,+19% 
La Pampa,-88% ,-72% ,-88% ,-87% ,-56% ,+28% 
La Rioja,-94% ,-75% ,-90% ,-90% ,-65% ,+23% 
La Rioja Province,-70% ,-46% ,-84% ,-86% ,-40% ,+26% 
Lancashire,-84% ,-44% ,-39% ,-71% ,-52% ,+14% 
Laos,-45%,-23%,-18%,-47%,-9%,+11%
Lapland,-62% ,-30% ,+40% ,-71% ,-31% ,+7% 
Latvia,-50%,-22%,-18%,-48%,-25%,+7%
Lavalleja Department,-53% ,-35% ,-76% ,-69% ,-22% ,-2% 
Lazio,-94% ,-76% ,-90% ,-88% ,-62% ,+24% 
Laško,-80% ,-51% ,,,-53% ,
Lebanon,-73%,-48%,-59%,-84%,-41%,+15%
Leicester,-84% ,-47% ,-45% ,-80% ,-51% ,+15% 
Leicestershire,-83% ,-45% ,-54% ,-72% ,-55% ,+15% 
Leiria District,-85% ,-62% ,-85% ,-81% ,-50% ,+23% 
Lenart,-89% ,-41% ,,,-51% ,
Lendava,-78% ,-55% ,,,-48% ,
Lesser Poland Voivodeship,-84% ,-65% ,-69% ,-78% ,-41% ,+14% 
Liberec Region,-75% ,-24% ,-45% ,-66% ,-36% ,+10% 
Libya,-49%,-28%,-32%,-52%,-36%,+21%
Liguria,-94% ,-80% ,-91% ,-85% ,-60% ,+23% 
Lika-Senj County,-73% ,-44% ,-58% ,-83% ,-46% ,
Limburg,-76% ,-34% ,-59% ,-65% ,-38% ,+12% 
Lincolnshire,-84% ,-45% ,-63% ,-67% ,-47% ,+13% 
Lisbon,-84% ,-58% ,-82% ,-79% ,-56% ,+22% 
Lisburn and Castlereagh,-87% ,-45% ,-79% ,-61% ,-56% ,+30% 
Lithuania,-72%,-38%,-28%,-63%,-33%,+11%
Litija,-77% ,-35% ,,,-53% ,
Ljubljana,-87% ,-91% ,-51% ,-58% ,-44% ,+15% 
Ljutomer,-88% ,-48% ,,,-52% ,
Logatec,-88% ,-47% ,,-81% ,-53% ,
Lombardy,-95% ,-81% ,-91% ,-89% ,-65% ,+24% 
Louisiana,-45% ,-16% ,-18% ,-49% ,-35% ,+11% 
Lovec,-64% ,-32% ,-16% ,,-21% ,+18% 
Lower Austria,-82% ,-36% ,+8% ,-74% ,-45% ,+13% 
Lower Saxony,-76% ,-52% ,-42% ,-64% ,-36% ,+10% 
Lower Silesian Voivodeship,-82% ,-65% ,-71% ,-77% ,-38% ,+13% 
Lublin Voivodeship,-71% ,-44% ,-25% ,-71% ,-32% ,+12% 
Lubusz Voivodeship,-77% ,-65% ,-55% ,-72% ,-37% ,+12% 
Lucerne,-82% ,-38% ,-50% ,-66% ,-40% ,+16% 
Luton,-79% ,-39% ,-41% ,-90% ,-49% ,+19% 
Luxembourg,-90%,-70%,-66%,-78%,-60%,+23%
Lääne County,-53% ,-32% ,,,-47% ,
Lääne-Viru County,-55% ,-20% ,,-41% ,-20% ,+5% 
Madeira,-89% ,-63% ,-86% ,-77% ,-60% ,+27% 
Maine,-50% ,-22% ,-24% ,-56% ,-31% ,+10% 
Malaysia,-81%,-58%,-68%,-83%,-52%,+31%
Maldonado Department,-87% ,-65% ,-88% ,-86% ,-56% ,+24% 
Mali,-25%,-18%,-12%,-36%,+0%,+9%
Malta,-76%,-38%,-45%,-57%,-49%,+19%
Manawatu-Wanganui,-93% ,-50% ,-76% ,-84% ,-54% ,+33% 
Manitoba,-49% ,-21% ,-9% ,-56% ,-36% ,+11% 
Maramureș County,-81% ,-58% ,-44% ,-67% ,-44% ,+13% 
Marche,-95% ,-88% ,-91% ,-86% ,-64% ,+26% 
Marijampolė County,-64% ,-39% ,-35% ,-41% ,-27% ,+18% 
Marlborough,-92% ,-60% ,-83% ,-91% ,-25% ,+0% 
Maryland,-45% ,-25% ,+29% ,-51% ,-39% ,+13% 
Masovian Voivodeship,-77% ,-54% ,-60% ,-70% ,-35% ,+13% 
Massachusetts,-59% ,-36% ,-56% ,-73% ,-42% ,+16% 
Mauritius,-89%,-86%,-88%,-89%,-69%,+24%
Mecklenburg-Vorpommern,-74% ,-48% ,-50% ,-64% ,-32% ,+8% 
Medway,-85% ,-40% ,-67% ,-71% ,-51% ,+15% 
Mehedinți County,-78% ,-48% ,-51% ,-64% ,-33% ,+20% 
Melilla,-92% ,-86% ,-90% ,-87% ,-59% ,-2% 
Mendoza Province,-81% ,-56% ,-84% ,-72% ,-49% ,+29% 
Merseyside,-83% ,-42% ,-53% ,-74% ,-54% ,+15% 
Merthyr Tydfil County Borough,-89% ,-50% ,,-54% ,-52% ,+8% 
Metlika,,,,,-58% ,
Mexico,-45%,-19%,-46%,-47%,-20%,+11%
Međimurje County,-86% ,-64% ,,-84% ,-54% ,+27% 
Michigan,-58% ,-28% ,+15% ,-55% ,-43% ,+12% 
Mid And East Antrim,-81% ,-37% ,-52% ,-56% ,-56% ,+27% 
Mid Ulster,-81% ,-43% ,,-51% ,-42% ,+28% 
Middlesbrough,-84% ,-43% ,-63% ,-73% ,-51% ,+24% 
Midlothian,-90% ,-43% ,-20% ,-50% ,-53% ,+25% 
Mie,-9% ,+4% ,-20% ,-33% ,-1% ,+5% 
Milton Keynes,-85% ,-49% ,-53% ,-79% ,-55% ,+19% 
Minnesota,-58% ,-35% ,-16% ,-64% ,-38% ,+14% 
Misiones Province,-83% ,-66% ,-85% ,-92% ,-51% ,+27% 
Mississippi,-32% ,-7% ,+27% ,-29% ,-30% ,+9% 
Missouri,-38% ,-12% ,+73% ,-34% ,-32% ,+9% 
Miyagi,-14% ,+0% ,-37% ,-35% ,-2% ,+5% 
Miyazaki,-7% ,+7% ,+4% ,-15% ,+2% ,+3% 
Moka District,-97% ,-76% ,,-74% ,-65% ,+8% 
Moldova,-67%,-44%,-43%,-68%,-37%,+12%
Molise,-91% ,-82% ,-84% ,-80% ,-60% ,+29% 
Mongolia,-16%,+5%,+5%,-16%,-2%,+2%
Monmouthshire,-85% ,-56% ,-61% ,-58% ,-47% ,+16% 
Montana,-51% ,-25% ,+28% ,-37% ,-37% ,+10% 
Montana Province,-41% ,-37% ,-18% ,-58% ,-13% ,+11% 
Montevideo Department,-73% ,-37% ,-72% ,-58% ,-37% ,+23% 
Moravian-Silesian Region,-72% ,-21% ,-14% ,-63% ,-27% ,+10% 
Moray,-88% ,-45% ,-42% ,-63% ,-54% ,+12% 
Mozambique,-26%,-13%,-22%,-29%,+1%,+10%
Mozirje,-80% ,-45% ,,,-53% ,
Mubarak Al-Kabeer Governorate,-56% ,-34% ,-51% ,-42% ,-52% ,+21% 
Municipality of Hrastnik,,,,,-53% ,
Mureș County,-81% ,-58% ,-61% ,-68% ,-37% ,+14% 
Murska Sobota,-90% ,-39% ,,-44% ,-50% ,+1% 
Myanmar (Burma),-46%,-29%,-19%,-35%,-10%,+12%
Møre og Romsdal,-73% ,-38% ,-40% ,-67% ,-29% ,+10% 
Na h-Eileanan an Iar,-77% ,-31% ,,-54% ,-51% ,
Nagano,-31% ,-11% ,-56% ,-44% ,-4% ,+8% 
Nagasaki,-3% ,+8% ,+30% ,-12% ,+3% ,+2% 
Namibia,-56%,-42%,-39%,-74%,-28%,+16%
Nara,-7% ,+11% ,+10% ,-27% ,-5% ,+4% 
Navarre,-93% ,-77% ,-88% ,-90% ,-61% ,+23% 
Neamț County,-80% ,-55% ,-62% ,-79% ,-39% ,+16% 
Neath Port Talbot Principle Area,-74% ,-38% ,-46% ,-60% ,-46% ,+23% 
Nebraska,-34% ,-9% ,+109% ,-18% ,-24% ,+8% 
Nelson,-100% ,-60% ,-81% ,,-61% ,+4% 
Nepal,-78%,-69%,-55%,-74%,-72%,+28%
Netherlands,-65%,-29%,-30%,-68%,-35%,+11%
Neuchâtel,-78% ,-48% ,-18% ,-58% ,-46% ,+28% 
Neuquen,-96% ,-95% ,-95% ,-92% ,-72% ,+33% 
Nevada,-47% ,-23% ,-38% ,-62% ,-52% ,+14% 
New Brunswick,-42% ,-20% ,+101% ,-47% ,-35% ,+8% 
New Hampshire,-58% ,-35% ,-63% ,-63% ,-38% ,+13% 
New Jersey,-59% ,-33% ,-36% ,-70% ,-44% ,+16% 
New Mexico,-44% ,-18% ,-12% ,-31% ,-34% ,+11% 
New South Wales,-44% ,-13% ,-27% ,-57% ,-35% ,+14% 
New York,-62% ,-32% ,-47% ,-68% ,-46% ,+16% 
New Zealand,-91%,-54%,-78%,-84%,-59%,+22%
Newfoundland and Labrador,-54% ,-38% ,-18% ,-60% ,-35% ,+9% 
Newport,-83% ,-47% ,-49% ,-66% ,-52% ,+26% 
Newry and Mourne And Down,-87% ,-45% ,-65% ,-55% ,-52% ,+29% 
Nicaragua,-45%,-25%,-31%,-38%,-17%,+11%
Nidwalden,-74% ,-2% ,-73% ,-78% ,-46% ,
Niger,-23%,-15%,-19%,-25%,-1%,+9%
Nigeria,-39%,-25%,-24%,-34%,-11%,+15%
Niigata,-11% ,+3% ,-22% ,-35% ,-3% ,+5% 
Nitra Region,-81% ,-90% ,+29% ,-58% ,-36% ,+9% 
Nordland,-61% ,-18% ,+24% ,-71% ,-24% ,+8% 
Norfolk,-87% ,-52% ,-69% ,-68% ,-53% ,+14% 
Normandy,-86% ,-73% ,-78% ,-88% ,-53% ,+17% 
Norrbotten County,-30% ,-14% ,+60% ,-38% ,-15% ,+2% 
North Ayrshire Council,-79% ,-37% ,-12% ,-59% ,-51% ,+25% 
North Brabant,-68% ,-28% ,-33% ,-71% ,-34% ,+12% 
North Carolina,-40% ,-15% ,+13% ,-51% ,-35% ,+10% 
North Dakota,-44% ,-13% ,+73% ,-36% ,-24% ,+9% 
North Denmark Region,-34% ,-16% ,+32% ,-54% ,-26% ,+8% 
North East Lincolnshire,-85% ,-46% ,-72% ,-68% ,-46% ,+22% 
North Holland,-66% ,-31% ,-35% ,-78% ,-40% ,+12% 
North Karelia,-54% ,-20% ,+61% ,-54% ,-24% ,+14% 
North Lanarkshire,-78% ,-37% ,,-56% ,-50% ,+13% 
North Lincolnshire,-79% ,-41% ,-56% ,-58% ,-46% ,+23% 
North Macedonia,-74%,-41%,-44%,-69%,-51%,+18%
North Rhine-Westphalia,-77% ,-51% ,-50% ,-70% ,-38% ,+11% 
North Somerset,-84% ,-50% ,-52% ,-88% ,-54% ,+27% 
North Yorkshire,-88% ,-48% ,-65% ,-74% ,-55% ,+15% 
Northamptonshire,-84% ,-42% ,-59% ,-71% ,-47% ,+14% 
Northern Ostrobothnia,-51% ,-24% ,+73% ,-55% ,-24% ,+8% 
Northern Savonia,-56% ,-20% ,+47% ,-53% ,-22% ,+7% 
Northern Territory,-35% ,-13% ,-20% ,-55% ,-23% ,+12% 
Northland,-93% ,-55% ,-86% ,-86% ,-52% ,+32% 
Northumberland,-84% ,-42% ,-66% ,-61% ,-54% ,+14% 
Northwest Territories,-59% ,-44% ,,-59% ,-32% ,
Norway,-65%,-32%,-5%,-57%,-34%,+11%
Nottinghamshire,-90% ,-45% ,-58% ,-80% ,-56% ,+15% 
Nouvelle-Aquitaine,-86% ,-76% ,-80% ,-86% ,-53% ,+18% 
Nova Gorica,-89% ,-49% ,,-60% ,-52% ,+2% 
Nova Scotia,-33% ,-7% ,+95% ,-45% ,-32% ,+5% 
Novo Mesto,-90% ,-45% ,,,-37% ,+19% 
Nunavut,-47% ,,,,-32% ,
Nógrád County,-51% ,-40% ,-29% ,-30% ,-24% ,+15% 
Obwalden,-63% ,-16% ,-49% ,-79% ,-40% ,
Occitanie,-86% ,-72% ,-73% ,-86% ,-53% ,+18% 
Ohio,-43% ,-19% ,+117% ,-33% ,-35% ,+10% 
Oita,-8% ,+5% ,+22% ,-17% ,-1% ,+3% 
Okayama,-7% ,+7% ,+17% ,-18% ,+0% ,+3% 
Okinawa,-9% ,+0% ,-14% ,-27% ,+1% ,+3% 
Oklahoma,-36% ,-12% ,+29% ,-23% ,-32% ,+9% 
Olomouc Region,-72% ,-27% ,-15% ,-74% ,-27% ,+10% 
Olt County,-70% ,-46% ,-53% ,-66% ,-35% ,+13% 
Oman,-52%,-35%,-41%,-64%,-34%,+17%
Ontario,-59% ,-33% ,-14% ,-66% ,-46% ,+14% 
Opole Voivodeship,-79% ,-62% ,-55% ,-72% ,-37% ,+12% 
Oregon,-51% ,-25% ,-22% ,-47% ,-38% ,+12% 
Orkney,-85% ,-40% ,,,-61% ,
Ormož,-61% ,-50% ,,,-59% ,
Osaka,-21% ,+3% ,-8% ,-39% ,-7% ,+6% 
Osijek-Baranja County,-83% ,-54% ,-14% ,-73% ,-47% ,+17% 
Oslo,-68% ,-26% ,-7% ,-64% ,-45% ,+14% 
Ostrobothnia,-44% ,-16% ,+70% ,-50% ,-21% ,+8% 
Otago,-95% ,-62% ,-82% ,-91% ,-64% ,+39% 
Overijssel,-67% ,-29% ,-25% ,-66% ,-34% ,+11% 
Oxfordshire,-87% ,-45% ,-48% ,-79% ,-58% ,+17% 
Pakistan,-70%,-55%,-45%,-62%,-41%,+18%
Pamplemousses District,-81% ,-82% ,-91% ,-81% ,-67% ,+7% 
Panama,-84%,-61%,-78%,-77%,-59%,+31%
Panevėžys County,-70% ,-36% ,-32% ,-63% ,-26% ,+7% 
Papua New Guinea,-20%,-9%,-12%,-46%,+11%,+12%
Paraguay,-68%,-52%,-71%,-76%,-30%,+23%
Pardubice Region,-74% ,-27% ,-1% ,-73% ,-28% ,+10% 
Pays de la Loire,-88% ,-78% ,-80% ,-90% ,-54% ,+18% 
Paysandú Department,-68% ,-22% ,-75% ,-78% ,-23% ,+18% 
Pazardzhik,-68% ,-38% ,-29% ,-69% ,-32% ,+13% 
Pembrokeshire,-87% ,-49% ,-62% ,-61% ,-47% ,+18% 
Pennsylvania,-50% ,-27% ,+7% ,-52% ,-38% ,+12% 
Pernik,-58% ,-31% ,-37% ,,-21% ,+21% 
Perth and Kinross,-86% ,-46% ,-39% ,-65% ,-54% ,+27% 
Peru,-82%,-57%,-76%,-83%,-55%,+29%
Pesnica,-83% ,,,,-55% ,
Pest County,-56% ,-42% ,+57% ,-34% ,-31% ,+10% 
Peterborough,-80% ,-45% ,-36% ,-77% ,-43% ,+17% 
Philippines,-81%,-59%,-59%,-82%,-54%,+26%
Piedmont,-94% ,-82% ,-89% ,-85% ,-59% ,+23% 
Piran,-90% ,-81% ,-53% ,,-61% ,
Pirkanmaa,-53% ,-21% ,+42% ,-53% ,-26% ,+9% 
Plaines Wilhems District,-91% ,-88% ,,-92% ,-71% ,+37% 
Pleven Province,-64% ,-37% ,-16% ,,-22% ,+14% 
Plovdiv Province,-68% ,-38% ,-33% ,-54% ,-29% ,+12% 
Plymouth,-87% ,-50% ,-43% ,-70% ,-54% ,+18% 
Plzeň Region,-74% ,-29% ,-8% ,-55% ,-30% ,+10% 
Podkarpackie Voivodeship,-71% ,-46% ,-11% ,-71% ,-36% ,+13% 
Podlaskie Voivodeship,-75% ,-47% ,-17% ,-60% ,-32% ,+11% 
Poland,-78%,-59%,-59%,-71%,-36%,+13%
Pomeranian Voivodeship,-82% ,-64% ,-78% ,-78% ,-38% ,+14% 
Port Louis District,-88% ,-89% ,-85% ,-87% ,-65% ,+6% 
Portalegre District,-85% ,-63% ,-70% ,,-42% ,+24% 
Porto District,-84% ,-59% ,-82% ,-79% ,-54% ,+23% 
Portsmouth,-88% ,-43% ,-46% ,-71% ,-54% ,+19% 
Portugal,-83%,-59%,-80%,-78%,-53%,+22%
Postojna,-73% ,-46% ,,-51% ,-51% ,
Powys,-88% ,-50% ,-56% ,-63% ,-51% ,+23% 
Požega-Slavonia County,-83% ,-58% ,,-75% ,-49% ,+0% 
Prague,-77% ,-30% ,-58% ,-71% ,-38% ,+15% 
Prahova,-81% ,-56% ,-72% ,-73% ,-36% ,+14% 
Prešov Region,-82% ,-90% ,-55% ,-71% ,-41% ,+10% 
Primorje-Gorski Kotar County,-82% ,-58% ,-47% ,-81% ,-48% ,+15% 
Prince Edward Island,-43% ,-19% ,-51% ,,-34% ,+25% 
Provence-Alpes-Côte d'Azur,-87% ,-68% ,-83% ,-85% ,-55% ,+18% 
Ptuj,-95% ,-92% ,,-61% ,-37% ,+18% 
Puerto Rico,-77%,-51%,-75%,-79%,-48%,+21%
Päijänne Tavastia,-56% ,-22% ,+84% ,-54% ,-25% ,+8% 
Pärnu County,-67% ,-31% ,-17% ,-53% ,-36% ,+20% 
Põlva County,-77% ,-24% ,,,-48% ,
Qatar,-51%,-25%,-34%,-52%,-31%,+22%
Quebec,-70% ,-44% ,-68% ,-75% ,-45% ,+15% 
Queensland,-40% ,-19% ,-33% ,-57% ,-30% ,+12% 
Radlje ob Dravi,-81% ,-45% ,,,-49% ,
Radovljica,-94% ,-50% ,-62% ,-61% ,-61% ,
Rapla County,-72% ,-23% ,,,-47% ,
Ravne na Koroškem,-76% ,-41% ,,,-30% ,
Razgrad,-48% ,-66% ,,,-10% ,+11% 
Reading,-89% ,-50% ,-41% ,-84% ,-55% ,+32% 
Redcar and Cleveland,-88% ,-44% ,-63% ,-62% ,-50% ,+23% 
Region Zealand,-28% ,-17% ,+54% ,-55% ,-25% ,+8% 
Region of Murcia,-94% ,-85% ,-90% ,-86% ,-63% ,+24% 
Region of Southern Denmark,-30% ,-22% ,+23% ,-59% ,-28% ,+9% 
Renfrewshire,-86% ,-39% ,+14% ,-84% ,-58% ,+29% 
Rhineland-Palatinate,-74% ,-40% ,-38% ,-71% ,-39% ,+10% 
Rhode Island,-55% ,-30% ,-50% ,-67% ,-37% ,+14% 
Rhondda Cynon Taff,-80% ,-41% ,-47% ,-52% ,-50% ,+19% 
Ribnica,,,,,-52% ,
Rivera Department,-71% ,-33% ,-76% ,-67% ,-33% ,+12% 
Rivière Noire District,-92% ,-88% ,-91% ,-82% ,-73% ,+8% 
Rivière du Rempart District,-93% ,-93% ,-100% ,,-67% ,+8% 
Rocha Department,-89% ,-75% ,-89% ,-90% ,-41% ,+9% 
Rodrigues District,,,-55% ,,-62% ,
Rogaland,-61% ,-38% ,+4% ,-58% ,-35% ,+11% 
Romania,-81%,-53%,-60%,-72%,-39%,+15%
Ruse,-58% ,-36% ,-14% ,-43% ,-25% ,+11% 
Rutland,-100% ,-37% ,-70% ,,-57% ,
Ruše,-78% ,,,,-52% ,
Rwanda,-56%,-57%,-18%,-75%,-31%,+22%
Río Negro,-90% ,-72% ,-92% ,-96% ,-55% ,+29% 
Río Negro Department,-72% ,-49% ,-82% ,-64% ,-27% ,-3% 
Saare County,-80% ,-40% ,,-80% ,-57% ,
Saarland,-77% ,-56% ,-29% ,-71% ,-39% ,+10% 
Saga,-4% ,+6% ,+48% ,-19% ,+0% ,+3% 
Saint George,-35% ,,-53% ,,-29% ,
Saint James,-76% ,-50% ,,,-56% ,
Saint John,,,,,-36% ,
Saint Michael,-70% ,-48% ,-70% ,-73% ,-55% ,+14% 
Saint Peter,-74% ,-18% ,,,-31% ,
Saint Philip,-72% ,-49% ,,,-49% ,
Saint Thomas,-13% ,,,,-29% ,
Saitama,-51% ,-28% ,-61% ,-53% ,-20% ,+12% 
Salta Province,-82% ,-55% ,-84% ,-76% ,-47% ,+26% 
Salto Department,-71% ,-49% ,-74% ,-68% ,-30% ,+17% 
Salzburg,-93% ,-86% ,-73% ,-81% ,-59% ,+15% 
San José Department,-60% ,-40% ,-78% ,-61% ,-23% ,+19% 
San Juan Province,-76% ,-50% ,-80% ,-87% ,-46% ,+28% 
San Luis Province,-85% ,-60% ,-89% ,-91% ,-56% ,+29% 
Santa Cruz Province,-83% ,-62% ,-88% ,-91% ,-56% ,+24% 
Santa Fe Province,-87% ,-63% ,-89% ,-77% ,-57% ,+29% 
Santarém District,-83% ,-59% ,-77% ,-81% ,-46% ,+20% 
Santiago del Estero Province,-75% ,-49% ,-75% ,-90% ,-46% ,+25% 
Sardinia,-94% ,-92% ,-87% ,-81% ,-56% ,+22% 
Saskatchewan,-53% ,-24% ,+45% ,-52% ,-37% ,+11% 
Satakunta,-49% ,-22% ,+34% ,-48% ,-19% ,+8% 
Satu Mare County,-82% ,-58% ,-39% ,-72% ,-40% ,+13% 
Saudi Arabia,-54%,-24%,-49%,-75%,-45%,+23%
Savanne District,-91% ,-83% ,-28% ,,-69% ,
Saxony,-78% ,-51% ,-50% ,-66% ,-34% ,+10% 
Saxony-Anhalt,-74% ,-48% ,-56% ,-65% ,-27% ,+8% 
Schaffhausen,-90% ,-50% ,,-61% ,-41% ,+2% 
Schleswig-Holstein,-70% ,-53% ,-27% ,-58% ,-36% ,+10% 
Schwyz,-72% ,-55% ,-45% ,-66% ,-44% ,+23% 
Scottish Borders,-88% ,-46% ,-39% ,-44% ,-51% ,+20% 
Senegal,-44%,-31%,-28%,-50%,-10%,+12%
Setubal,-82% ,-56% ,-78% ,-74% ,-54% ,+20% 
Sevnica,-85% ,-40% ,,,-51% ,
Sežana,-95% ,-57% ,,,-44% ,
Shetland Islands,-85% ,-49% ,,-54% ,-60% ,
Shiga,-6% ,+7% ,-8% ,-25% ,-2% ,+4% 
Shimane,+1% ,+6% ,+45% ,+4% ,+5% ,+1% 
Shizuoka,-17% ,-4% ,-47% ,-38% ,-6% ,+7% 
Shropshire,-85% ,-49% ,-56% ,-70% ,-50% ,+14% 
Shumen Province,-63% ,-29% ,-26% ,-70% ,-20% ,+20% 
Sibiu,-83% ,-63% ,-70% ,-73% ,-42% ,+15% 
Sicily,-95% ,-93% ,-91% ,-89% ,-68% ,+25% 
Silesian Voivodeship,-77% ,-58% ,-50% ,-65% ,-35% ,+13% 
Silistra,-37% ,-23% ,,,-12% ,-3% 
Singapore,-28%,-6%,-12%,-40%,-15%,+15%
Sisak-Moslavina County,-76% ,-61% ,-51% ,-71% ,-43% ,+27% 
Skåne County,-23% ,-8% ,+23% ,-43% ,-16% ,+6% 
Sliven Province,-61% ,-36% ,-40% ,-51% ,-25% ,+19% 
Slough,-80% ,-45% ,-45% ,-78% ,-54% ,+29% 
Slovakia,-82%,-89%,-9%,-61%,-38%,+10%
Slovenia,-88%,-92%,-43%,-54%,-45%,+13%
Slovenj Gradec,-86% ,-57% ,,,-58% ,
Slovenska Bistrica,-100% ,-49% ,,,-36% ,
Slovenske Konjice,-91% ,-36% ,,,-48% ,
Smoljan,-66% ,-59% ,-42% ,,-41% ,+2% 
Sofia City Province,-70% ,-35% ,-42% ,-62% ,-34% ,+15% 
Sofia Province,-60% ,-35% ,-28% ,,-31% ,+14% 
Solothurn,-77% ,-35% ,-13% ,-63% ,-38% ,+15% 
Somerset,-86% ,-48% ,-56% ,-73% ,-49% ,+14% 
Somogy County,-58% ,-44% ,+1% ,-44% ,-30% ,+10% 
Soriano Department,-67% ,-52% ,-78% ,,-28% ,+13% 
South Africa,-79%,-60%,-55%,-80%,-49%,+24%
South Australia,-43% ,-15% ,-33% ,-55% ,-28% ,+12% 
South Ayrshire Council,-88% ,-42% ,-35% ,-62% ,-56% ,+20% 
South Bohemian Region,-72% ,-27% ,-17% ,-60% ,-29% ,+9% 
South Carolina,-38% ,-11% ,-4% ,-34% ,-34% ,+9% 
South Dakota,-35% ,-3% ,+126% ,-31% ,-25% ,+8% 
South Gloucestershire,-81% ,-45% ,-30% ,-64% ,-52% ,+20% 
South Holland,-60% ,-26% ,-22% ,-64% ,-35% ,+11% 
South Karelia,-55% ,-26% ,+46% ,-64% ,-25% ,+15% 
South Korea,-19%,+11%,+51%,-17%,-12%,+6%
South Lanarkshire,-78% ,-38% ,-6% ,-57% ,-54% ,+14% 
South Moravian Region,-70% ,-24% ,+5% ,-50% ,-28% ,+11% 
South Yorkshire,-86% ,-43% ,-47% ,-71% ,-53% ,+15% 
Southampton,-87% ,-41% ,-57% ,-71% ,-54% ,+19% 
Southend-on-Sea,-89% ,-39% ,-63% ,-79% ,-57% ,+28% 
Southern Ostrobothnia,-49% ,-20% ,+50% ,-51% ,-20% ,+9% 
Southern Savonia,-55% ,-18% ,+59% ,-66% ,-23% ,+14% 
Southland,-96% ,-53% ,-83% ,,-48% ,+17% 
Southwest Finland,-54% ,-22% ,+15% ,-51% ,-25% ,+9% 
Spain,-94%,-76%,-89%,-88%,-64%,+22%
Split-Dalmatia County,-83% ,-52% ,-33% ,-76% ,-55% ,+17% 
Sri Lanka,-86%,-87%,-57%,-78%,-50%,+32%
St. Gallen,-80% ,-44% ,-29% ,-58% ,-42% ,+14% 
Staffordshire,-85% ,-44% ,-54% ,-73% ,-54% ,+14% 
Stara Zagora,-63% ,-38% ,-27% ,-10% ,-29% ,+10% 
State of Acre,-68% ,-20% ,-56% ,-75% ,-22% ,+11% 
State of Alagoas,-77% ,-43% ,-79% ,-76% ,-35% ,+17% 
State of Amapá,-71% ,-27% ,-51% ,-73% ,-28% ,+11% 
State of Amazonas,-64% ,-28% ,-62% ,-46% ,-26% ,+13% 
State of Bahia,-73% ,-42% ,-71% ,-73% ,-33% ,+17% 
State of Ceará,-76% ,-34% ,-71% ,-68% ,-33% ,+16% 
State of Espírito Santo,-68% ,-35% ,-69% ,-69% ,-31% ,+16% 
State of Goiás,-67% ,-27% ,-44% ,-50% ,-28% ,+15% 
State of Maranhão,-63% ,-27% ,-48% ,-66% ,-20% ,+11% 
State of Mato Grosso,-63% ,-30% ,-44% ,-59% ,-22% ,+11% 
State of Mato Grosso do Sul,-68% ,-33% ,-56% ,-68% ,-26% ,+14% 
State of Minas Gerais,-66% ,-29% ,-46% ,-57% ,-30% ,+15% 
State of Paraná,-75% ,-42% ,-70% ,-64% ,-34% ,+17% 
State of Paraíba,-76% ,-36% ,-73% ,-64% ,-33% ,+17% 
State of Pará,-61% ,-25% ,-53% ,-64% ,-19% ,+12% 
State of Pernambuco,-74% ,-35% ,-72% ,-59% ,-35% ,+17% 
State of Piauí,-71% ,-39% ,-49% ,-76% ,-27% ,+18% 
State of Rio Grande do Norte,-74% ,-36% ,-74% ,-66% ,-33% ,+19% 
State of Rio Grande do Sul,-75% ,-39% ,-73% ,-67% ,-36% ,+20% 
State of Rio de Janeiro,-72% ,-32% ,-74% ,-61% ,-37% ,+17% 
State of Rondônia,-63% ,-27% ,-42% ,-71% ,-23% ,+12% 
State of Roraima,-68% ,-25% ,-51% ,-72% ,-24% ,+12% 
State of Santa Catarina,-80% ,-49% ,-84% ,-76% ,-40% ,+20% 
State of Sergipe,-78% ,-46% ,-77% ,-83% ,-36% ,+18% 
State of São Paulo,-72% ,-36% ,-71% ,-62% ,-37% ,+17% 
State of Tocantins,-61% ,-31% ,-35% ,-71% ,-19% ,+11% 
Stirling,-85% ,-49% ,-49% ,-76% ,-62% ,+11% 
Stockholm County,-31% ,-14% ,+24% ,-45% ,-21% ,+7% 
Stockton-on-Tees,-84% ,-47% ,-60% ,-69% ,-52% ,+25% 
Stoke-on-Trent,-84% ,-44% ,-41% ,-70% ,-49% ,+14% 
Styria,-86% ,-61% ,-42% ,-71% ,-47% ,+13% 
Suceava County,-85% ,-65% ,-49% ,-78% ,-48% ,+17% 
Suffolk,-87% ,-51% ,-67% ,-69% ,-54% ,+15% 
Surrey,-85% ,-44% ,-57% ,-74% ,-59% ,+17% 
Swansea,-84% ,-50% ,-51% ,-67% ,-54% ,+19% 
Sweden,-24%,-10%,+43%,-36%,-18%,+5%
Swietokrzyskie,-74% ,-44% ,-26% ,-67% ,-34% ,+12% 
Swindon,-83% ,-44% ,-30% ,-69% ,-52% ,+28% 
Switzerland,-81%,-51%,-41%,-68%,-46%,+15%
Szabolcs-Szatmár-Bereg,-57% ,-52% ,+4% ,-43% ,-25% ,+7% 
Södermanland County,-18% ,-7% ,+46% ,-41% ,-19% ,+5% 
Sălaj,-82% ,-50% ,-55% ,-64% ,-36% ,+16% 
Tacuarembó Department,-67% ,-43% ,-77% ,-76% ,-25% ,+15% 
Taiwan,-9%,+3%,+17%,-24%,-1%,+4%
Tajikistan,-8%,-8%,+4%,-17%,+10%,-3%
Tanzania,-16%,-8%,-7%,-11%,-9%,+3%
Taranaki,-95% ,-52% ,-86% ,,-51% ,+17% 
Targovishte Province,-63% ,-31% ,,,-19% ,+2% 
Tartu County,-65% ,-30% ,-13% ,-54% ,-35% ,+23% 
Tasman,-90% ,-67% ,-89% ,,-54% ,
Tasmania,-50% ,-30% ,-70% ,-62% ,-28% ,+13% 
Tauragė County,-60% ,-31% ,,-46% ,-23% ,+15% 
Tavastia Proper,-53% ,-24% ,+43% ,-62% ,-22% ,+9% 
Teleorman County,-56% ,-47% ,-21% ,-55% ,-24% ,+13% 
Telšiai County,-67% ,-40% ,-18% ,-44% ,-24% ,+17% 
Tennessee,-35% ,-9% ,+35% ,-35% ,-34% ,+8% 
Texas,-45% ,-23% ,-27% ,-47% ,-36% ,+13% 
Thailand,-55%,-27%,-54%,-61%,-21%,+16%
The Bahamas,-67%,-34%,-48%,-87%,-52%,+19%
Thurgau,-79% ,-30% ,-44% ,-61% ,-40% ,+15% 
Thuringia,-75% ,-44% ,-50% ,-63% ,-32% ,+8% 
Thurrock,-88% ,-53% ,-51% ,-59% ,-50% ,+29% 
Ticino,-85% ,-69% ,-51% ,-64% ,-49% ,+21% 
Tierra del Fuego Province,-87% ,-63% ,-89% ,-92% ,-59% ,+24% 
Timiș County,-83% ,-54% ,-71% ,-74% ,-42% ,+16% 
Tochigi,-33% ,-16% ,-61% ,-46% ,-9% ,+10% 
Togo,-37%,-25%,-21%,-41%,-9%,+16%
Tokushima,-4% ,+3% ,+27% ,-13% ,+0% ,+3% 
Tokyo,-63% ,-32% ,-66% ,-59% ,-27% ,+14% 
Tolmin,-68% ,-49% ,,,-54% ,
Tolna County,-50% ,-44% ,,-44% ,-28% ,+18% 
Torbay,-86% ,-44% ,-58% ,-68% ,-55% ,+24% 
Torfaen Principal Area,-82% ,-37% ,,-54% ,-53% ,+24% 
Tottori,+1% ,+9% ,+15% ,-13% ,+2% ,+2% 
Toyama,-6% ,+7% ,-19% ,-26% ,+0% ,+4% 
Trbovlje,-86% ,-41% ,,,-50% ,
Trebnje,-92% ,-49% ,,,-57% ,
Treinta y Tres Department,-60% ,-24% ,-75% ,-55% ,-20% ,
Trentino-South Tyrol,-96% ,-94% ,-93% ,-86% ,-65% ,+25% 
Trenčín Region,-78% ,-88% ,+3% ,-57% ,-40% ,+9% 
Trinidad and Tobago,-29%,+10%,-40%,-70%,-17%,+9%
Trnava Region,-81% ,-89% ,+45% ,-62% ,-38% ,+10% 
Troms Og Finnmark,-74% ,-46% ,-24% ,-71% ,-32% ,+10% 
Trondelag,-74% ,-41% ,-15% ,-68% ,-37% ,+13% 
Tržič,-84% ,-44% ,,,-54% ,
Tucumán,-81% ,-53% ,-78% ,-90% ,-51% ,+28% 
Tulcea County,-79% ,-53% ,-60% ,-71% ,-33% ,+16% 
Turkey,-75%,-39%,-58%,-71%,-45%,+17%
Tuscany,-94% ,-84% ,-91% ,-85% ,-62% ,+25% 
Tyne and Wear,-85% ,-47% ,-58% ,-74% ,-57% ,+15% 
Tyrol,-95% ,-86% ,-82% ,-85% ,-65% ,+16% 
Uganda,-50%,-36%,-16%,-59%,-23%,+19%
Umbria,-95% ,-89% ,-86% ,-81% ,-61% ,+25% 
United Arab Emirates,-55%,-26%,-53%,-69%,-45%,+26%
United Kingdom,-85%,-46%,-52%,-75%,-55%,+15%
United States,-47%,-22%,-19%,-51%,-38%,+12%
Upper Austria,-86% ,-44% ,-19% ,-67% ,-47% ,+13% 
Uppsala County,-27% ,-9% ,+35% ,-36% ,-18% ,+7% 
Uri,-89% ,-13% ,,-78% ,-44% ,
Uruguay,-75%,-45%,-79%,-71%,-35%,+22%
Utah,-41% ,-14% ,+26% ,-44% ,-40% ,+10% 
Utena County,-63% ,-22% ,+1% ,-35% ,-23% ,+16% 
Utrecht,-60% ,-32% ,-17% ,-70% ,-36% ,+11% 
Uusimaa,-50% ,-20% ,+39% ,-64% ,-28% ,+10% 
Valais,-87% ,-67% ,-61% ,-75% ,-57% ,+17% 
Vale of Glamorgan,-84% ,-49% ,-59% ,-70% ,-54% ,+27% 
Valencian Community,-95% ,-84% ,-92% ,-90% ,-66% ,+22% 
Valga County,-58% ,-30% ,,,-40% ,
Varaždin County,-86% ,-61% ,-62% ,-83% ,-50% ,+30% 
Varmland County,-28% ,-11% ,+0% ,-25% ,-13% ,+5% 
Varna,-72% ,-36% ,-54% ,-76% ,-34% ,+12% 
Vas County,-68% ,-50% ,+19% ,-55% ,-38% ,+13% 
Vaslui County,-76% ,-53% ,-28% ,-68% ,-37% ,+13% 
Vaud,-79% ,-49% ,-42% ,-68% ,-50% ,+17% 
Velenje,-93% ,-58% ,,-59% ,-47% ,+0% 
Veliko Tarnovo Province,-68% ,-37% ,-24% ,-56% ,-28% ,+13% 
Veneto,-96% ,-95% ,-91% ,-89% ,-62% ,+25% 
Venezuela,-62%,-44%,-57%,-62%,-25%,+16%
Vermont,-62% ,-42% ,-55% ,-71% ,-43% ,+13% 
Vestfold Og Telemark,-59% ,-23% ,+13% ,-52% ,-30% ,+10% 
Vestland,-71% ,-47% ,-31% ,-66% ,-36% ,+12% 
Veszprém,-57% ,-44% ,+5% ,-43% ,-33% ,+9% 
Viana do Castelo District,-85% ,-68% ,-76% ,-76% ,-51% ,+26% 
Victoria,-51% ,-26% ,-55% ,-68% ,-37% ,+16% 
Vidin,-59% ,-29% ,,,-25% ,
Vienna,-85% ,-52% ,-44% ,-71% ,-52% ,+15% 
Vietnam,-52%,-29%,-33%,-49%,-20%,+16%
Viken,-56% ,-21% ,+24% ,-59% ,-33% ,+11% 
Vila Real District,-86% ,-64% ,-71% ,-72% ,-52% ,+33% 
Viljandi County,-58% ,-26% ,,-42% ,-13% ,
Vilnius County,-74% ,-41% ,-22% ,-67% ,-40% ,+12% 
Virginia,-39% ,-16% ,+46% ,-50% ,-36% ,+11% 
Virovitica-Podravina County,-80% ,-53% ,,-79% ,-46% ,+1% 
Viseu District,-82% ,-60% ,-65% ,-61% ,-48% ,+22% 
Vorarlberg,-90% ,-70% ,-68% ,-79% ,-54% ,+14% 
Vraca,-53% ,-31% ,-3% ,-49% ,-18% ,+21% 
Vrancea County,-81% ,-56% ,-36% ,-74% ,-37% ,+17% 
Vrhnika,-88% ,-42% ,,,-50% ,
Vukovar-Srijem County,-81% ,-52% ,,-70% ,-48% ,+24% 
Vysocina Region,-74% ,-21% ,+27% ,-55% ,-28% ,+10% 
Vâlcea County,-78% ,-52% ,-50% ,-66% ,-36% ,+14% 
Västerbotten County,-27% ,-10% ,+34% ,-32% ,-18% ,+3% 
Västernorrland County,-26% ,-9% ,-14% ,-26% ,-17% ,+4% 
Västmanland County,-18% ,-7% ,-25% ,-32% ,-17% ,+5% 
Västra Götaland County,-24% ,-9% ,+38% ,-34% ,-18% ,+6% 
Võru County,-82% ,-20% ,,,-46% ,
Waikato,-94% ,-55% ,-84% ,-82% ,-57% ,+23% 
Wakayama,-6% ,+8% ,+16% ,-21% ,-2% ,+4% 
Wallonia,-84% ,-62% ,-72% ,-77% ,-52% ,+16% 
Warmian-Masurian Voivodeship,-77% ,-60% ,-63% ,-73% ,-35% ,+11% 
Warrington,-86% ,-42% ,-29% ,-68% ,-52% ,+27% 
Warwickshire,-86% ,-44% ,-56% ,-72% ,-54% ,+15% 
Washington,-48% ,-26% ,-11% ,-56% ,-41% ,+13% 
Wellington,-93% ,-54% ,-63% ,-84% ,-62% ,+20% 
West Berkshire,-88% ,-49% ,-41% ,-82% ,-58% ,+29% 
West Coast,-100% ,-61% ,-87% ,,-54% ,
West Dunbartonshire Council,-75% ,-43% ,,-54% ,-51% ,+23% 
West Lothian,-74% ,-29% ,-29% ,-52% ,-50% ,+27% 
West Midlands,-84% ,-45% ,-45% ,-78% ,-57% ,+15% 
West Pomeranian Voivodeship,-80% ,-66% ,-76% ,-69% ,-39% ,+12% 
West Sussex,-85% ,-46% ,-53% ,-85% ,-56% ,+15% 
West Virginia,-38% ,-16% ,+52% ,-31% ,-33% ,+8% 
West Yorkshire,-84% ,-44% ,-49% ,-74% ,-55% ,+15% 
Western Australia,-40% ,-16% ,-37% ,-55% ,-26% ,+13% 
Wiltshire,-84% ,-45% ,-56% ,-70% ,-54% ,+15% 
Windsor and Maidenhead,-88% ,-42% ,-74% ,-79% ,-63% ,+31% 
Wisconsin,-55% ,-30% ,-12% ,-50% ,-34% ,+13% 
Wokingham,-81% ,-52% ,-26% ,-66% ,-61% ,+32% 
Worcestershire,-86% ,-47% ,-44% ,-71% ,-55% ,+14% 
Wrexham Principal Area,-83% ,-43% ,-45% ,-64% ,-48% ,+24% 
Wyoming,-37% ,-13% ,+29% ,-14% ,-29% ,+8% 
Yamagata,-3% ,+6% ,-12% ,-27% ,-1% ,+3% 
Yamaguchi,-4% ,+9% ,+49% ,-6% ,+1% ,+3% 
Yamanashi,-29% ,-13% ,-56% ,-51% ,-9% ,+8% 
Yemen,-8%,-1%,-9%,-9%,-5%,+5%
York,-90% ,-50% ,-64% ,-84% ,-65% ,+29% 
Yukon,-43% ,-28% ,,,-31% ,
Zadar County,-77% ,-51% ,-19% ,-75% ,-47% ,+25% 
Zagorje ob Savi,-76% ,-45% ,,,-59% ,
Zagreb County,-85% ,-59% ,-64% ,-72% ,-53% ,+15% 
Zala County,-66% ,-52% ,-25% ,-48% ,-35% ,+11% 
Zambia,-21%,-8%,-6%,-24%,+0%,+10%
Zeeland,-69% ,-40% ,-46% ,-57% ,-31% ,+10% 
Zimbabwe,-2%,+24%,-4%,-6%,+14%,+13%
Zlin Region,-71% ,-25% ,+1% ,-65% ,-29% ,+9% 
Zurich,-82% ,-44% ,-53% ,-73% ,-47% ,+16% 
Évora District,-83% ,-59% ,-78% ,-77% ,-48% ,+29% 
Île-de-France,-91% ,-69% ,-89% ,-87% ,-63% ,+20% 
Örebro County,-18% ,-7% ,+59% ,-28% ,-18% ,+5% 
Östergötland County,-18% ,-12% ,+60% ,-33% ,-17% ,+5% 
Ústí nad Labem Region,-71% ,-25% ,-28% ,-56% ,-26% ,+9% 
Črnomelj,-70% ,-47% ,,,-47% ,
Łódź Voivodeship,-74% ,-55% ,-49% ,-66% ,-29% ,+13% 
Šentjur,-74% ,-44% ,,,-54% ,
Šiauliai County,-73% ,-39% ,-41% ,-38% ,-30% ,+7% 
Šibenik-Knin County,-78% ,-47% ,-12% ,-67% ,-48% ,+15% 
Škofja Loka,-90% ,-43% ,,-63% ,-64% ,+1% 
Šmarje pri Jelšah,-82% ,-60% ,+2% ,,-58% ,
Žalec,-100% ,-42% ,,,-41% ,+0% 
Žilina Region,-83% ,-88% ,-25% ,-68% ,-41% ,+10% 
